job_submit_time,num_nodes,time_limit,actual_run_time
0,2,14400,3618
0,1,43200,42015
0,1,43200,15377
1,4,7200,252
1,4,28800,3322
1,1,7200,1018
1,4,900,91
1,4,36000,22051
1,4,1800,1737
1,4,3600,392
1,8,10800,6623
1,1,36000,333
2,1,900,598
2,4,2400,1000
2,1,14400,2388
2,1,14400,15
2,64,3600,32
2,4,1800,839
2,2,3600,63
2,8,300,29
3,1,600,24
3,8,43200,10027
3,1,960,184
3,16,600,27
3,1,3600,28
3,1,43200,21
3,1,7200,29
3,4,3600,1525
3,1,43200,30013
4,1,1800,14
4,1,14400,2370
4,1,1800,192
4,1,43200,15
4,1,21600,11016
4,1,960,187
4,16,7200,1827
4,6,8100,1415
4,1,10800,334
5,1,1800,212
5,4,8100,7265
5,4,14400,973
5,4,3600,2061
5,4,43200,25547
5,6,7200,1132
5,4,7200,1034
5,1,43200,15
5,1,1800,457
6,14,21600,18041
6,1,43200,25
6,1,36000,4276
6,1,7200,63
6,1,600,372
6,1,3600,96
6,1,43200,19
6,1,14400,18
6,1,2700,429
7,1,2400,1820
7,1,960,193
7,4,960,261
7,1,43200,21617
7,1,3600,23
7,1,1800,15
7,1,1800,121
7,4,14400,4923
8,1,14400,21
8,8,8100,2681
8,6,43200,42959
8,1,28800,3838
8,4,28800,1681
8,4,21600,21080
8,1,600,21
8,1,36000,21623
8,1,28800,1502
9,1,43200,31024
9,4,1800,455
9,8,7200,29
9,2,3600,22
9,1,1800,63
9,8,600,29
9,1,1800,315
9,4,1800,56
10,1,3600,22
10,1,8100,439
10,1,23400,21622
10,1,3600,28
10,4,3600,73
10,4,43200,9430
10,1,1800,467
10,1,1800,96
10,4,43200,1042
11,4,7200,322
11,1,43200,11295
11,1,43200,21608
11,6,1800,912
11,4,2400,1295
11,1,3600,23
11,512,1800,1748
11,2,28800,122
11,1,1800,469
12,4,600,62
12,32,3600,609
12,1,3600,24
12,1,1800,56
12,4,14400,21
12,4,3600,592
12,1,43200,3828
12,4,14400,18
13,1,28800,4676
13,4,43200,23982
13,1,1800,178
145,1,14400,10
420,1,14400,3993
499,4,43200,4441
505,2,3600,410
1924,8,8100,5876
1924,4,1800,279
1925,1,7200,207
1925,4,43200,11142
1925,1,3600,110
1925,1,3600,20
1925,1,600,22
1926,1,3600,543
1926,4,3600,20
1926,1,3600,2814
1926,1,21600,6131
1926,1,43200,22
1927,2,600,62
1927,4,43200,15
1927,1,3600,22
1928,10,7200,6796
1928,1,7200,28
1928,2,7200,70
1928,1,28800,3614
1928,1,14400,5580
1929,1,43200,17
1929,32,1800,97
1929,1,14400,5052
1929,1,7200,1901
1930,4,1800,91
1930,4,3600,1608
1930,1,21600,4113
1930,4,9900,7465
1930,4,3600,21
1931,4,21600,6469
1931,1,7200,61
1932,8,14400,28
1932,18,43200,13
1932,4,7200,930
1932,1,7200,684
1932,1,42000,439
1932,1,1800,124
1933,1,28800,10850
1933,1,3900,3649
1933,1,43200,37299
1933,4,43200,27086
1934,1,7200,1965
1934,1,5400,194
1934,1,43200,35516
1934,1,14400,296
2354,1,1800,166
2367,8,3600,879
2758,1,1800,162
3147,2,43200,33
3299,2,1800,186
3299,8,14400,29
3300,1,7200,2881
3300,1,28800,10689
3300,1,900,176
4342,1,1800,54
4433,1,4200,1159
4528,1,7200,2863
4529,1,7200,333
4529,2,300,78
4530,16,43200,61
4531,1,2400,1088
4532,2,7200,1028
4533,18,14400,13954
4534,1,43200,19
4535,1,1800,21
4536,1,1800,218
4537,4,3600,22
4538,1,1800,247
4539,1,3600,26
4540,4,1800,92
4541,4,7200,909
4542,4,300,93
4543,18,36000,9780
4544,1,600,21
4544,1,600,64
4545,1,36000,16
4546,8,1800,37
4547,1,18000,23
4548,2,43200,7218
4549,1,1800,332
4550,1,28800,2357
4551,1,1800,315
4552,30,900,64
4553,16,4200,27
4554,1,1800,67
4555,4,7200,983
4556,1,7200,1052
4557,16,43200,35162
4557,256,43200,43169
4558,1,21600,14776
4559,1,10800,1540
4560,1,7200,27
4561,1,3600,54
4562,1,600,45
4563,8,21600,18010
4564,54,1800,290
4565,4,3600,22
4566,16,3600,26
4567,1,43200,17
4568,4,43200,1228
4568,1,43200,21
4568,4,1800,155
4569,2,1800,346
4569,1,36000,28824
4569,1,7200,1606
4569,1,300,121
4569,4,1800,1236
4570,1,43200,11404
4571,4,300,56
4572,4,7200,1063
4573,1,300,274
4574,2,7200,449
4575,4,1800,23
4576,4,7200,1061
4577,4,14400,3313
4577,1,600,54
4578,4,1800,1211
4579,1,600,28
4580,1,43200,3101
4581,1,28800,4918
4582,1,2400,991
4583,1,300,15
4584,1,14400,3488
4585,25,1800,78
4586,1,600,386
4587,2,36000,25
4588,4,600,95
4589,1,43200,64
4590,4,43200,258
4591,1,43200,28825
4591,1,14400,1482
4592,4,3900,1171
4593,1,36000,21613
4594,8,7200,881
4595,1,14400,2762
4596,8,600,30
4597,2,3600,22
4598,9,7200,1911
4599,4,24000,19173
4600,1,3600,688
4601,1,14400,3487
4602,1,300,15
4603,6,25200,21627
4604,5,43200,16
4605,8,14400,10813
4606,4,43200,5485
4607,4,3900,3128
4607,4,7200,181
4608,1,7200,1991
4609,2,43200,24836
4610,8,1800,75
4611,4,43200,42648
4612,1,14400,33
4613,2,14400,13517
4614,1,3600,78
4615,1,1800,19
4616,4,7200,1138
4617,8,3600,29
4618,1,7200,916
4619,1,900,283
4620,6,43200,39936
4621,4,3600,1194
4622,4,14400,608
4623,1,3900,86
4624,1,21600,78
4625,8,7200,29
4625,1,28800,2976
4626,1,300,19
4627,4,9900,7218
4628,8,7200,4579
4629,4,28800,2630
4630,5,8100,1781
4631,8,7200,1054
4632,5,3600,2501
4633,1,600,93
4634,2,28800,2964
4635,1,1800,54
4636,1,1800,68
4637,1,1800,27
4638,8,3600,116
4639,2,1800,88
4639,2,1800,479
4640,1,600,30
4641,4,1800,21
4642,1,43200,16
4643,8,7200,28
4644,4,3600,43
4645,1,14400,7220
4646,1,7200,5094
4647,4,43200,4775
4648,1,300,17
4649,1,3600,23
4650,1,14400,21
4650,16,9000,6454
4651,1,9000,6241
4652,1,28800,131
4653,8,7200,28
4654,1,1800,54
4655,4,7200,644
4656,4,3600,1037
4657,12,43200,17649
4657,4,1800,289
4658,2,1200,13
4659,1,1800,206
4660,4,7200,1033
4661,4,7200,1813
4662,1,1800,123
4663,14,3600,24
4664,10,43200,39057
4665,4,7200,908
4666,3,21600,2844
4667,1,43200,932
4668,1,3600,24
4669,1,1800,169
4670,1,10260,93
4671,1,7200,918
4672,1,43200,53
4673,6,7200,1461
4674,1,43200,18
4675,18,43200,18
4675,1,2100,289
4676,2,43200,12
4677,14,21600,18030
4678,512,43200,299
4679,1,1800,288
4680,2,4500,3658
4681,1,43200,1823
4682,1,3600,137
4683,1,7200,29
4684,14,43200,21614
4685,4,1800,978
4686,4,9900,7578
4687,16,43200,332
4688,1,3600,782
4689,8,7200,944
4690,1,7200,2048
4691,1,2700,36
4692,1,300,15
4693,4,43200,28974
4694,4,7200,921
4695,1,36000,1816
4696,1,14400,2427
4696,4,43200,35
4697,16,1800,156
4698,1,300,119
4699,1,21600,16282
4700,16,3600,24
4701,4,900,855
4702,5,43200,9173
4703,1,43200,21617
4704,1,1800,115
4705,4,3600,21
4706,1,600,43
4707,1,43200,4722
4708,8,10800,6039
4709,8,600,26
4710,16,1800,26
4711,128,14400,4243
4712,2,10260,87
4712,2,14400,4048
4713,4,1800,219
4714,1,1800,123
4715,1,7200,197
4716,1,43200,8431
4717,16,1800,14
4718,18,1800,25
4719,1,7200,197
4720,2,43200,39644
4721,1,300,198
4722,2,1800,158
4723,2,43200,266
4724,1,28800,5577
4725,8,3600,28
4726,1,3600,24
4726,1,300,221
4727,1,7200,579
4728,1,1800,156
4729,1,28800,3546
4730,1,1800,282
4731,4,43200,18
4732,6,7200,1079
4733,4,3600,1953
4734,1,14400,7465
4735,64,38400,36016
4736,5,43200,14418
4737,1,8100,1323
4738,1,21600,5049
4739,1,3600,22
4740,4,1800,39
4741,6,14400,10900
4741,1,43200,1816
4742,1,3900,1822
4743,1,14400,7307
4744,1,43200,29675
4745,14,21600,18057
4746,4,9000,57
4747,4,7200,283
4748,3,18000,12
4749,2,1800,54
4750,2,1800,155
4751,1,36000,2499
4752,1,14400,22
4752,1,14400,26
4753,18,12600,30
4754,11,43200,9878
4755,2,3600,405
4756,10,21600,18630
4757,4,9900,7405
4758,6,43200,35340
4759,1,7200,239
4760,8,1800,14
4761,1,43200,23
4762,4,1800,148
4763,2,7200,57
4764,16,14400,27
4765,1,3600,24
4766,1,600,26
4766,1,900,616
4767,1,14400,11205
4768,4,42000,1499
4769,1,30000,346
4770,64,18000,26
4771,2,3600,113
4772,1,7200,49
4773,4,3600,588
4774,1,7200,2050
4775,1,10800,4242
4775,1,43200,35873
4776,2,14400,10
4777,16,7200,4897
4778,4,3600,396
4779,4,600,46
4780,1,14400,511
4781,1,43200,1863
4782,4,7200,1067
4783,1,28800,10585
4784,1,43200,26506
4785,1,300,275
4786,1,1800,242
4787,4,3600,3559
4787,1,1800,310
4788,1,1800,23
4789,4,18000,7070
4790,16,43200,31250
4791,1,1800,166
4792,1,7200,158
4793,1,7200,402
4794,1,1800,611
4795,4,1800,55
4796,2,43200,28582
4797,1,900,250
4798,1,7200,1818
4799,1,43200,21618
4800,6,10800,10764
4801,12,28800,8712
4802,4,28800,2622
4803,1,1800,59
4804,4,2100,285
4805,4,19800,18277
4806,1,21600,5334
4807,4,7200,913
4807,1,600,48
4808,1,7200,29
4809,1,37200,13242
4810,1,43200,33186
4811,4,1800,392
4812,1,1800,29
4813,1,3600,116
4814,4,21600,15185
4815,16,19800,7225
4816,4,1200,65
4817,2,43200,20
4818,1,18000,12
4819,4,43200,34981
4820,1,43200,18242
4821,1,14400,2432
4822,128,1800,428
4823,1,21600,16213
4824,25,3600,101
4825,2,1800,59
4826,1,10800,2812
4826,1,1800,107
4827,1,2100,251
4828,13,43200,29057
4829,1,28800,1598
4830,1,43200,36029
4831,6,14400,9522
4832,2,30000,661
4833,1,1800,19
4834,1,21600,3154
4835,4,3900,2435
4836,1,3600,21
4837,1,300,124
4838,1,7200,360
4839,1,300,15
4840,25,1800,178
4841,1,4200,27
4842,1,3600,24
4843,1,7200,4366
4844,1,7200,5081
4845,1,1800,23
4845,1,43200,19
4846,1,1800,106
4847,8,43200,13
4848,18,43200,13
4849,1,7200,308
4850,4,28800,3707
4851,4,1800,88
4852,1,18000,13229
4853,1,9900,7220
4854,1,3600,23
4855,2,14400,3624
4856,1,1800,344
4857,2,600,86
4858,1,43200,6496
4859,1,14400,570
4860,1,21600,19
4861,2,1800,38
4861,1,3600,25
4862,4,43200,713
4863,1,1800,90
4864,2,3600,21
4865,1,3600,470
4866,1,1800,15
4867,4,14400,12480
4868,64,21600,7387
4869,1,43200,15475
4869,1,1560,316
4870,1,14400,52
4871,4,3900,834
4872,4,36000,8040
4873,4,7200,2922
4874,1,1800,421
4875,1,21600,24
4876,1,7200,17
4877,1,1800,193
4878,4,14400,14111
4879,1,3600,26
4880,14,43200,21618
4881,4,600,22
4882,4,43200,21785
4883,25,1800,99
4883,4,14400,1469
4884,3,10800,5051
4885,1,7200,72
4886,1,600,22
4887,8,300,57
4888,1,43200,33225
4889,1,28800,2118
4890,1,28800,10582
4891,4,18000,12501
4892,1,7800,22
4892,10,7200,7161
4893,4,43200,17
4894,1,3600,3587
4895,1,1800,60
4896,1,28800,3613
4897,1,43200,1924
4898,1,600,26
4899,1,1800,455
4900,4,9900,7394
4901,1,43200,30014
4902,1,7200,854
4903,1,43200,16213
4904,1,7200,861
4905,1,18000,540
4905,1,43200,18
4906,1,14400,5441
4907,16,1800,96
4908,1,1800,17
4909,1,1800,14
4910,1,14400,9311
4911,1,28800,21623
4912,1,28800,21620
4912,2,14400,2718
4913,1,28800,7702
4914,64,43200,7219
4915,4,7200,617
4916,1,14400,2419
4917,16,60,27
4918,1,7200,3698
4919,2,14400,220
4920,1,7200,710
4921,48,1800,505
4922,1,1800,121
4923,1,3600,21
4924,6,28800,11123
4924,1,600,55
4925,8,36000,5487
4926,1,14400,21
4927,1,1800,41
4928,1,28800,21619
4929,2,1800,26
4930,1,1800,1211
4931,1,6000,1897
4932,1,3600,766
4933,1,3600,377
4934,1,43200,66
4935,3,1800,14
4937,14,43200,21618
4938,1,3600,122
4938,1,28800,3483
4939,2,600,20
4940,1,43200,1123
4941,1,36000,21624
4942,2,7200,1931
4943,12,43200,17680
4944,1,14400,24
4945,2,300,59
4946,8,12000,932
4947,1,43200,13
4948,1,18000,245
4949,4,1800,161
4950,1,28800,3400
4951,1,7200,1507
4952,25,7200,929
4953,4,900,694
4953,4,7200,1544
4954,1,1800,14
4955,1,43200,166
4956,1,43200,2053
4957,1,10800,2830
4958,1,43200,25
4959,1,43200,18
4960,1,1800,20
4962,1,3600,21
4963,1,43200,16
4964,1,43200,28821
4965,4,43200,37905
4966,4,1800,846
4967,1,43200,31404
4968,1,10800,5492
4969,1,600,18
4970,4,300,122
4971,4,7200,926
4971,4,7200,1113
4972,32,1800,14
4973,4,4500,970
4974,4,7200,935
4975,16,1800,131
4976,32,21600,8386
4977,4,12000,655
4978,1,43200,2587
4979,4,10260,92
4980,1,1800,33
4981,1,1800,246
4982,16,1800,28
4983,4,43200,25257
4983,4,21600,17338
4984,4,7200,944
4985,1,300,58
4986,1,1200,132
4987,6,43200,18084
4988,1,4500,1294
4989,1,300,16
4990,1,43200,35388
4991,1,43200,15
4992,1,7800,2504
4993,4,28800,7545
4994,1,43200,16
4995,18,43200,18
4996,1,2700,434
4997,16,10800,30
4997,1,43200,1810
4998,2,600,10
4999,4,2400,966
5000,1,1800,101
5001,2,1800,459
5002,1,300,128
5003,1,300,118
5004,1,1800,371
5005,4,3600,2364
5006,1,43200,19
5007,5,7200,4645
5008,2,600,34
5009,1,1800,23
5010,8,7200,28
5011,18,1800,53
5012,4,14400,2909
5013,4,1800,483
5013,1,7200,344
5014,1,900,756
5015,1,32400,27059
5016,1,28800,2205
5017,1,7200,1011
5018,1,14400,3164
5019,1,14400,51
5020,1,3900,2124
5021,1,900,22
5022,1,1800,158
5023,1,3600,102
5024,4,3600,3555
5025,1,43200,21618
5026,1,3600,22
5027,1,300,120
5028,4,36000,18543
5029,1,43200,16
5030,1,14400,26
5031,4,21600,3731
5032,4,300,134
5033,1,2100,266
5034,2,43200,168
5034,16,3600,111
5035,4,18000,13349
5036,1,600,52
5037,4,14400,355
